Name,Age,WorkExperience,EducationBackground,Position,Rating
James-Jobs,22,No working experience.,Undergraduate from UIUC,Programmer,68
Steve-Robinson,31,"2 years in Microsoft, 3 years in Apple.",Graduate from UWM,Senior Software Engineer,87
Yoshima-Naruto,26,4 years in Riot Games,Undergraduate from CMU,Program Manager,77
Sun-Bofu,33,10 years in Google,Graduate from Jiangdong University,Main Designer,89
Kelvin-Dell,19,No working experience.,Senior high school graduate,Data wrangler,34
Peter-Parker,28,6 years in Marvel Studio,Graduate from Spider University,Programmer,76
Jason-Kazz,40,15 years in New York Times,PhD from Harvard University,Main Designer,92
Vincent-Collector,80,57 years in Gameloft,PhD from Cornell University,Programmer,0
Seraphine,21,1 year in KDA,Undergraduate from Umich,Musician,62
Darius ,38,8 years in Riot Game's Kitchen,No degree,Cook,88
Galen,38,8 years in Riot Game as a cleaner,No degree,Cleaner,86
Rookie,20,3 years in LPL as a professional player,No degree,Game Tester,94
Lee-Sin,29,7 years in Facebook,Graduate from UW,Program Manager,82
Gimgoon,24,2 years in LPL as a professional player,No degree,Game Tester,83
Wang-Sicong,27,No working experience.,Undergraduate from UCL,Programmer,50
Wu-Yifan,31,No working experience.,No degree,Cook,60
Donald-Trump,56,4 years as US president,No degree,Data wrangler,23
Kujo-Jotaro,30,10 years as an oceanologist,PhD in UCBerkerley,Game Tester,93
Miss-Fortune,25,5 years as a professional shooter,No degree,Game Tester,91
